model_name,x_min_mm,x_max_mm,y_min_mm,y_max_mm,z_min_mm,z_max_mm
BT1,19.05,25.05,-36.275,-28.575,-2.7,5.85
C1,-11.95,-10.35,37.255,38.105,0.8,1.4
C10,-17.005,-16.155,15.606,17.206,0.8,1.4
C11,-15.395,-14.545,15.599,17.198,0.8,1.4
C12,-7.955,-7.105,14.84,16.44,0.8,1.4
C13,-6.355,-5.505,14.84,16.44,0.8,1.4
C14,-4.735,-3.885,14.84,16.44,0.8,1.4
C15,-21.282,-19.282,5.795,7.045,0.8,1.35
C16,-10.925,-9.675,0.31,2.31,0.8,1.35
C17,-16.28,-14.28,4.125,5.375,0.8,1.35
C19,3.975,5.225,-11.658,-9.658,0.8,1.35
C2,-19.971,-18.371,22.527,23.377,0.8,1.4
C20,1.825,3.075,-11.658,-9.658,0.8,1.35
C21,-0.225,1.025,-11.658,-9.658,0.8,1.35
C22,-4.425,-3.175,-11.658,-9.658,0.8,1.35
C23,-8.625,-7.375,-11.658,-9.658,0.8,1.35
C24,-13.3,-11.7,-28.266,-27.416,0.8,1.4
C25,-2.325,-1.075,-11.658,-9.658,0.8,1.35
C27,-10.725,-9.475,-11.658,-9.658,0.8,1.35
C28,-6.525,-5.275,-11.658,-9.658,0.8,1.35
C29,5.995,7.245,-11.658,-9.658,0.8,1.35
C3,-20.111,-18.111,24.057,25.307,0.8,1.35
C30,-13.3,-11.7,-29.796,-28.946,0.8,1.4
C32,-16.24,-14.24,-4.965,-3.715,0.8,1.35
C4,20.15,21.0,40.167,41.767,0.8,1.4
C5,18.3,19.15,40.167,41.767,0.8,1.4
C6,-26.951,-26.101,38.212,39.812,0.8,1.4
C7,-11.95,-10.35,38.755,39.605,0.8,1.4
C8,-11.95,-10.35,40.265,41.115,0.8,1.4
C9,-13.795,-12.945,15.599,17.198,0.8,1.4
D1,-30.249,-28.999,33.475,35.475,0.8,1.35
D2,-17.675,-13.825,-3.04,-1.34,0.8,2.25
D3,-17.663,-13.812,-0.66,1.04,0.8,2.25
D4,-17.825,-13.975,1.72,3.42,0.8,2.25
J2,-8.8,7.3,-33.889,-27.489,0.8,2.9
J4,-30.487,-14.527,-25.42,-11.57,0.8,2.69
L1,-24.878,-19.878,-2.307,2.713,0.8,2.91
Q1,-24.724,-21.824,30.24,33.052,0.8,2.449
Q2,-19.81,-17.81,-6.61,-4.51,0.8,1.975
R1,11.575,12.425,-32.8,-31.2,0.8,1.4
R10,-26.342,-24.743,16.645,17.495,0.8,1.4
R11,-17.425,-16.575,-32.8,-31.2,0.8,1.4
R12,18.458,20.057,27.205,28.055,0.8,1.4
R13,18.44,20.04,25.605,26.455,0.8,1.4
R14,-18.721,-17.871,34.808,36.408,0.8,1.4
R15,-20.296,-19.446,34.808,36.408,0.8,1.4
R16,-19.307,-17.708,-9.835,-8.985,0.8,1.4
R17,-16.305,-15.055,-9.02,-7.02,0.8,1.35
R18,3.285,4.135,-2.07,-0.47,0.8,1.4
R19,6.465,7.315,-2.07,-0.47,0.8,1.4
R20,-12.5,-10.9,-26.335,-25.485,0.8,1.4
R21,4.845,5.695,-2.07,-0.47,0.8,1.4
R23,-13.3,-11.7,-31.771,-30.921,0.8,1.4
R24,-12.5,-10.9,-24.811,-23.961,0.8,1.4
R25,-13.3,-11.7,-33.244,-32.394,0.8,1.4
R27,-11.95,-10.35,31.345,32.195,0.8,1.4
R28,9.05,9.9,24.83,26.43,0.8,1.4
R29,20.7,22.3,13.675,14.525,0.8,1.4
R3,14.575,15.425,-32.8,-31.2,0.8,1.4
R30,-11.575,-10.725,28.7,30.3,0.8,1.4
R4,-11.96,-10.36,35.715,36.565,0.8,1.4
R5,-29.72,-28.12,29.965,30.815,0.8,1.4
R6,27.575,28.425,-27.8,-26.2,0.8,1.4
R7,18.483,20.082,29.435,30.285,0.8,1.4
R8,18.483,20.082,31.115,31.965,0.8,1.4
R9,-15.745,-14.895,27.112,28.712,0.8,1.4
S1,-31.211,-27.661,-33.357,-28.657,0.3,2.15
S2,-31.161,-27.611,20.723,25.423,0.3,2.15
SW2,4.651,9.349,-44.1,-40.9,-3.31,-0.8
SW3,-9.349,-4.651,-44.1,-40.9,-3.31,-0.8
SW4,18.651,23.349,-44.1,-40.9,-3.31,-0.8
SW6,-23.349,-18.651,-44.1,-40.9,-3.31,-0.8
SW7,24.846,32.376,9.605,18.605,0.0,4.35
U1,-20.94,-17.927,26.315,29.215,0.8,2.049
U2,18.514,21.326,34.958,37.858,0.8,2.449
U3,-24.656,-21.843,35.174,38.074,0.8,2.449
U4,-8.76,9.26,27.88,47.88,0.8,4.01
U5,-11.973,-8.961,14.1,17.0,0.8,2.049
