refdes,pcb_x_mm,pcb_y_mm,side,pcb_footprint_width_mm,pcb_footprint_height_mm,model_width_mm,model_length_mm,model_z_min_mm,model_z_max_mm,source
BT1,22.025,-30,top,3.45,1.5,6.0,7.7,-2.7,5.85,"tsci tessellated model, nominal"
C1,-11.15,37.68,top,2.45,0.95,1.6,0.85,0.8,1.4,"tsci tessellated model, nominal"
C10,-16.58,16.406,top,0.95,2.45,0.85,1.6,0.8,1.4,"tsci tessellated model, nominal"
C11,-14.97,16.398,top,0.95,2.45,0.85,1.599,0.8,1.4,"tsci tessellated model, nominal"
C12,-7.53,15.64,top,0.95,2.45,0.85,1.6,0.8,1.4,"tsci tessellated model, nominal"
C13,-5.93,15.64,top,0.95,2.45,0.85,1.6,0.8,1.4,"tsci tessellated model, nominal"
C14,-4.31,15.64,top,0.95,2.45,0.85,1.6,0.8,1.4,"tsci tessellated model, nominal"
C15,-20.282,6.42,top,2.85,1.4,2.0,1.25,0.8,1.35,"tsci tessellated model, nominal"
C16,-10.3,1.31,top,1.4,2.85,1.25,2.0,0.8,1.35,"tsci tessellated model, nominal"
C17,-15.28,4.75,top,2.85,1.4,2.0,1.25,0.8,1.35,"tsci tessellated model, nominal"
C19,4.6,-10.657,top,1.4,2.85,1.25,2.0,0.8,1.35,"tsci tessellated model, nominal"
C2,-19.171,22.952,top,2.45,0.95,1.6,0.85,0.8,1.4,"tsci tessellated model, nominal"
C20,2.45,-10.657,top,1.4,2.85,1.25,2.0,0.8,1.35,"tsci tessellated model, nominal"
C21,0.4,-10.657,top,1.4,2.85,1.25,2.0,0.8,1.35,"tsci tessellated model, nominal"
C22,-3.8,-10.657,top,1.4,2.85,1.25,2.0,0.8,1.35,"tsci tessellated model, nominal"
C23,-8,-10.657,top,1.4,2.85,1.25,2.0,0.8,1.35,"tsci tessellated model, nominal"
C24,-12.5,-27.841,top,2.45,0.95,1.6,0.85,0.8,1.4,"tsci tessellated model, nominal"
C25,-1.7,-10.657,top,1.4,2.85,1.25,2.0,0.8,1.35,"tsci tessellated model, nominal"
C27,-10.1,-10.657,top,1.4,2.85,1.25,2.0,0.8,1.35,"tsci tessellated model, nominal"
C28,-5.9,-10.657,top,1.4,2.85,1.25,2.0,0.8,1.35,"tsci tessellated model, nominal"
C29,6.62,-10.657,top,1.4,2.85,1.25,2.0,0.8,1.35,"tsci tessellated model, nominal"
C3,-19.111,24.682,top,2.85,1.4,2.0,1.25,0.8,1.35,"tsci tessellated model, nominal"
C30,-12.5,-29.371,top,2.45,0.95,1.6,0.85,0.8,1.4,"tsci tessellated model, nominal"
C32,-15.24,-4.34,top,2.85,1.4,2.0,1.25,0.8,1.35,"tsci tessellated model, nominal"
C4,20.575,40.968,top,0.95,2.45,0.85,1.6,0.8,1.4,"tsci tessellated model, nominal"
C5,18.725,40.968,top,0.95,2.45,0.85,1.6,0.8,1.4,"tsci tessellated model, nominal"
C6,-26.526,39.012,top,0.95,2.45,0.85,1.6,0.8,1.4,"tsci tessellated model, nominal"
C7,-11.15,39.18,top,2.45,0.95,1.6,0.85,0.8,1.4,"tsci tessellated model, nominal"
C8,-11.15,40.69,top,2.45,0.95,1.6,0.85,0.8,1.4,"tsci tessellated model, nominal"
C9,-13.37,16.398,top,0.95,2.45,0.85,1.599,0.8,1.4,"tsci tessellated model, nominal"
D1,-29.624,34.475,top,1.4,2.85,1.25,2.0,0.8,1.35,"tsci tessellated model, nominal"
D2,-15.75,-2.19,top,4.6,0.95,3.85,1.7,0.8,2.25,"tsci tessellated model, nominal"
D3,-15.738,0.19,top,4.6,0.95,3.851,1.7,0.8,2.25,"tsci tessellated model, nominal"
D4,-15.9,2.57,top,4.6,0.95,3.85,1.7,0.8,2.25,"tsci tessellated model, nominal"
J1,26.41,36.26,top,6.221,9.74,,,,,PCB footprint only; no 3D body model
J2,-0.75,-29.5,top,17.191,5.026,16.1,6.4,0.8,2.9,"tsci tessellated model, nominal"
J4,-22.35,-18.5,top,16.65,14.65,15.96,13.85,0.8,2.69,"tsci tessellated model, nominal"
JP1,-20.531,18.286,top,2.3,1.5,,,,,PCB footprint only; no 3D body model
L1,-22.377,0.203,top,4.22,6.124,5.0,5.02,0.8,2.91,"tsci tessellated model, nominal"
Q1,-23.274,31.646,top,2.5,3.8,2.9,2.812,0.8,2.449,"tsci tessellated model, nominal"
Q2,-18.81,-5.56,top,2.1,2.5,2.0,2.1,0.8,1.975,"tsci tessellated model, nominal"
R1,12,-32,top,0.95,2.45,0.85,1.6,0.8,1.4,"tsci tessellated model, nominal"
R10,-25.542,17.07,top,2.45,0.95,1.599,0.85,0.8,1.4,"tsci tessellated model, nominal"
R11,-17,-32,top,0.95,2.45,0.85,1.6,0.8,1.4,"tsci tessellated model, nominal"
R12,19.257,27.63,top,2.45,0.95,1.599,0.85,0.8,1.4,"tsci tessellated model, nominal"
R13,19.24,26.03,top,2.45,0.95,1.6,0.85,0.8,1.4,"tsci tessellated model, nominal"
R14,-18.296,35.608,top,0.95,2.45,0.85,1.6,0.8,1.4,"tsci tessellated model, nominal"
R15,-19.871,35.608,top,0.95,2.45,0.85,1.6,0.8,1.4,"tsci tessellated model, nominal"
R16,-18.507,-9.41,top,2.45,0.95,1.599,0.85,0.8,1.4,"tsci tessellated model, nominal"
R17,-15.68,-8.02,top,1.4,2.85,1.25,2.0,0.8,1.35,"tsci tessellated model, nominal"
R18,3.71,-1.27,top,0.95,2.45,0.85,1.6,0.8,1.4,"tsci tessellated model, nominal"
R19,6.89,-1.27,top,0.95,2.45,0.85,1.6,0.8,1.4,"tsci tessellated model, nominal"
R20,-11.7,-25.91,top,2.45,0.95,1.6,0.85,0.8,1.4,"tsci tessellated model, nominal"
R21,5.27,-1.27,top,0.95,2.45,0.85,1.6,0.8,1.4,"tsci tessellated model, nominal"
R23,-12.5,-31.346,top,2.45,0.95,1.6,0.85,0.8,1.4,"tsci tessellated model, nominal"
R24,-11.7,-24.386,top,2.45,0.95,1.6,0.85,0.8,1.4,"tsci tessellated model, nominal"
R25,-12.5,-32.819,top,2.45,0.95,1.6,0.85,0.8,1.4,"tsci tessellated model, nominal"
R27,-11.15,31.77,top,2.45,0.95,1.6,0.85,0.8,1.4,"tsci tessellated model, nominal"
R28,9.475,25.63,top,0.95,2.45,0.85,1.6,0.8,1.4,"tsci tessellated model, nominal"
R29,21.5,14.1,top,2.45,0.95,1.6,0.85,0.8,1.4,"tsci tessellated model, nominal"
R3,15,-32,top,0.95,2.45,0.85,1.6,0.8,1.4,"tsci tessellated model, nominal"
R30,-11.15,29.5,top,0.95,2.45,0.85,1.6,0.8,1.4,"tsci tessellated model, nominal"
R4,-11.16,36.14,top,2.45,0.95,1.6,0.85,0.8,1.4,"tsci tessellated model, nominal"
R5,-28.92,30.39,top,2.45,0.95,1.6,0.85,0.8,1.4,"tsci tessellated model, nominal"
R6,28,-27,top,0.95,2.45,0.85,1.6,0.8,1.4,"tsci tessellated model, nominal"
R7,19.282,29.86,top,2.45,0.95,1.599,0.85,0.8,1.4,"tsci tessellated model, nominal"
R8,19.282,31.54,top,2.45,0.95,1.599,0.85,0.8,1.4,"tsci tessellated model, nominal"
R9,-15.32,27.912,top,0.95,2.45,0.85,1.6,0.8,1.4,"tsci tessellated model, nominal"
S1,-29.125,-31,top,2.6,5.0,3.55,4.7,0.3,2.15,"tsci tessellated model, nominal"
S2,-29.075,23.08,top,2.6,5.0,3.55,4.7,0.3,2.15,"tsci tessellated model, nominal"
SW2,7,-42.5,bottom,5.25,2.85,4.698,3.2,-3.31,-0.8,"tsci tessellated model, nominal"
SW3,-7,-42.5,bottom,5.25,2.85,4.698,3.2,-3.31,-0.8,"tsci tessellated model, nominal"
SW4,21,-42.5,bottom,5.25,2.85,4.698,3.2,-3.31,-0.8,"tsci tessellated model, nominal"
SW6,-21,-42.5,bottom,5.25,2.85,4.698,3.2,-3.31,-0.8,"tsci tessellated model, nominal"
SW7,26.85,14.105,top,4.5,7.8,7.53,9.0,0.0,4.35,"tsci tessellated model, nominal"
TP1,-12.5,43.432,top,1.5,1.5,,,,,PCB footprint only; no 3D body model
TP2,-3.361,18.692,top,1.5,1.5,,,,,PCB footprint only; no 3D body model
TP3,15,44,top,1.5,1.5,,,,,PCB footprint only; no 3D body model
TP4,-9.711,8.43,top,1.5,1.5,,,,,PCB footprint only; no 3D body model
TP5,-12.962,8.481,top,1.5,1.5,,,,,PCB footprint only; no 3D body model
TP6,19.042,22.146,top,1.5,1.5,,,,,PCB footprint only; no 3D body model
U1,-19.429,27.765,top,3.47,2.39,3.013,2.9,0.8,2.049,"tsci tessellated model, nominal"
U2,19.92,36.407,top,3.37,2.432,2.812,2.9,0.8,2.449,"tsci tessellated model, nominal"
U3,-23.249,36.624,top,3.37,2.432,2.813,2.9,0.8,2.449,"tsci tessellated model, nominal"
U4,0.25,34.78,top,19,12.9,18.02,20.0,0.8,4.01,"tsci tessellated model, nominal"
U5,-10.463,15.55,top,3.473,2.39,3.012,2.9,0.8,2.049,"tsci tessellated model, nominal"
